{"learning_rate": 0.01, "num_epochs": 5000, "validation_accuracy": 0.6375545851528385, "_timestamp": 1697022964.0963745, "_runtime": 7.886223554611206, "_step": 8, "_wandb": {"runtime": 326}}