{"learning_rate": 0.01, "num_epochs": 5000, "validation_accuracy": 0.6375545851528385, "_timestamp": 1697023507.7485301, "_runtime": 195.25189423561096, "_step": 35}