{"acc": 0.8000268073418659, "loss": 0.19721570299149427, "_timestamp": 1696056156.7552874, "_runtime": 2.289442300796509, "_step": 7, "_wandb": {"runtime": 0}}