{"learning_rate": 0.01, "num_epochs": 5000, "validation_accuracy": 0.6375545851528385, "_timestamp": 1697023298.7143526, "_runtime": 8.328219652175903, "_step": 8, "_wandb": {"runtime": 6}}